泰文	舊拼音(Sheet)	新拼音(目的達)	中文	來源	備註
สวัสดี ค่ะ / ครับ	sawatdee kha / khrap	saˇ watˇ dhī kaˋ / krap~	你好	derived	
เชิญ	cheun	chə̄n	請	derived	
ขอบคุณ ค่ะ/ครับ	khop khun kha/khrap	kɔ̄pˇ kun kaˋ/krap~	謝謝你	derived	
ไม่ต้องเกรงใจ	mai tong kreng jai	maiˋ dɔ̄ngˋ grēng jai	不用掛心、不客氣	derived	
ขอโทษ	kho thot	kɔ̄ˊ tōtˋ	對不起	derived	
ไม่เป็นไร	mai pen rai	maiˋben rai	沒關係	book-assisted	
ไม่รู้	mai ru	maiˋ rū~	不知道	derived	
บ๊ายบาย	bai bai	bái~ bāi	再見	derived	
สู้ ๆ	suu suu	sūˋsūˋ	加油	book-exact	
โชคดีนะ	chok dee na	chōkˋ dhī na~	祝好運	derived	
ขอบคุณ ค่ะ/ครับ	khop khun kha/khrap	kɔ̄pˇ kun kaˋ/krap~	謝謝你	derived	
ขอบคุณ มาก	khop khun mak	kɔ̄pˇ kun mākˋ	很謝謝你	derived	
ขอโทษ ค่ะ/ครับ	kho thot kha/khrap	kɔ̄ˊ tōtˋ kaˋ/krap~	對不起	derived	
ขอโทษจริง ๆ	kho thot jing jing	kɔ̄ˊ tōtˋ jing kɔ̄ˊ tōtˋ jing	真是對不起	derived	
ดี ค่ะ/ครับ	dee kha/khrap	dhī kaˋ/krap~	好	derived	
ดีมาก ค่ะ/ครับ	dee mak kha/khrap	dhī mākˋ kaˋ/krap~	很好	derived	
สวย	suay	sūayˊ	美	derived	
สวยมาก	suay mak	sūayˊ mākˋ	很美	derived	
เก่ง	keng	gēngˇ	棒	derived	
เก่งมาก	keng mak	gēngˇ mākˋ	很棒	derived	
สนุก	sanuk	saˇ nuk~	有趣、好玩	derived	
สนุกมาก	sanuk mak	saˇ nuk~ mākˋ	很有趣、很好玩	derived	
อร่อย	aroi	a rɔ̄iˋ	好吃	derived	
อร่อยมาก	aroi mak	a rɔ̄iˋ mākˋ	很好吃	derived	
แล้วเจอกันนะ	laew jer gan na	lɛ̄u~ jə̄ gan na~	待會兒見	derived	
สบายดีไหม	sabai dee mai	saˇ bāi dhī maiˊ	舒服嗎？/好嗎？	derived	
สบายดี	sabai dee	saˇ bāi dhī	好	derived	
ดีไหม	dee mai	dhī maiˊ	好嗎？	derived	
ดี	dee	dhī	好	derived	
ดีมาก	dee mak	dhī mākˋ	很好	derived	
ไม่ดี	mai dee	maiˋ dhī	不好	derived	
ไม่ค่อยดี	mai khoi dee	maiˋ kɔ̄iˋ dhī	不太好	derived	
สนุกไหม	sanuk mai	saˇ nuk~ maiˊ	好玩嗎？	derived	
สนุก	sanuk	saˇ nuk~	好玩	derived	
สนุกมาก	sanuk mak	saˇ nuk~ mākˋ	很好玩	derived	
ไม่สนุก	mai sanuk	maiˋ saˇ nuk~	不好玩	derived	
ไม่ค่อยสนุก	mai khoi sanuk	maiˋ kɔ̄iˋ saˇ nuk~	不太好玩	derived	
หิวไหม	hiu mai	hiwˊ maiˊ	餓嗎？	derived	
หิว	hiu	hiwˊ	餓	derived	
หิวมาก	hiu mak	hiwˊ mākˋ	很餓	derived	
ไม่หิว	mai hiu	maiˋ hiwˊ	不餓	derived	
ไม่ค่อยหิว	mai khoi hiu	maiˋ kɔ̄iˋ hiwˊ	不太餓	derived	
หิวน้ำนิดหน่อย	hiu nam nit noi	hiwˊ nām~ nit~ nɔ̄iˇ	有一點點口渴	derived	
เวลากินข้าว	wela gin khao	wē lā gin kāuˋ	吃飯時	derived	
เครื่องดื่ม	kruang duem	krɯ̄angˋ dɯ̄mˇ	飲料	derived	
เผ็ดไหม	pet mai	petˇ maiˊ	辣嗎？	derived	
เปรี้ยว	briau	brīauˋ	酸	derived	
เค็ม	kem	kem	鹹	derived	
หวาน	wan	wānˊ	甜	derived	
หอม	hom	hɔ̄mˊ	香	derived	
สด	sot	sotˇ	新鮮	derived	
อร่อย	aroi	a rɔ̄iˋ	好吃	derived	
น้ำร้อน	nam ron	nām~ rɔ̄n~	熱水	derived	
น้ำเย็น	nam yen	nām~ yen	冷水	derived	
ชา	cha	chā	茶	derived	
กาแฟ	gafe	gā fɛ̄	咖啡	derived	
โกโก้	gogo	gō gōˋ	可可	derived	
โค้ก	kok	kōk~	可樂	derived	
เป๊ปซี่	pepsi	bep~ sīˋ	百事可樂	derived	
เบียร์	bia	bīa	啤酒	derived	
โค้กเย็น	kok yen	kōk~ yen	冰可樂	derived	
โค้กไม่เย็น	kok mai yen	kōk~ maiˋ yen	不冰的可樂	derived	
เมืองไทยไกลไหม	muang thai glai mai	mɯ̄ang tai glai maiˊ	泰國遠嗎？	derived	
เมืองจีนใหญ่ไหม	muang jin yai mai	mɯ̄ang jīn yaiˇ maiˊ	中國大嗎？	derived	
เกาหลีหนาวไหม	gao-li nao mai	gāu līˊ nāuˊ maiˊ	韓國冷嗎？	derived	
ภาษาไทยยากไหม	phasa thai yaak mai	pā sāˊ tai yākˋ maiˊ	泰語難嗎？	derived	
ไทย	thai	tai	泰國	derived	
จีน	jin	jīn	中國	derived	
ลาว	lao	lāu	寮國	derived	
พม่า	pa ma	pa~ māˋ	緬甸	derived	
อินเดีย	india	in dhīa	印度	derived	
ญี่ปุ่น	yi bun	yīˋ bunˇ	日本	derived	
เกาหลี	gaoli	gāu līˊ	韓國	derived	
ไต้หวัน	dai wan	daiˋ wanˊ	台灣	derived	
เวียดนาม	viat nam	wīatˋ nām	越南	derived	
กัมพูชา	gam pu cha	gam pū chā	柬埔寨	derived	
มาเลเซีย	malesia	mā lē sīa	馬來西亞	derived	
สิงคโปร์	sing kabo	singˊ kaˇ bō	新加坡	derived	
ฟิลิปปินส์	filippin	fi~ lip~ bin	菲律賓	derived	
อินโดนีเซีย	indonesia	in dhō nī sīaˊ	印尼	derived	
อิตาลี	itali	iˇ dā lī	義大利	derived	
ฝรั่งเศส	farang set	faˇ rangˋ sētˇ	法國	derived	
เยอรมัน	yerman	yə̄ ra~ man	德國	derived	
อังกฤษ	angkrit	ang gritˇ	英國	derived	
อเมริกา	ameriga	aˇ mē riˇ gā	美國	derived	
สเปน	sa ben	saˇ bēn	西班牙	derived	
แคนาดา	kenada	kɛ̄ nā dhā	加拿大	derived	
ยุโรป	yu rop	yu~ rōpˋ	歐洲	derived	
แอฟริกา	afrika	ɛ̄pˇ frikˇ gā	非洲	derived	
เอเชีย	echia	ē chīa	亞洲	derived	
เอา...ไหม	au ... mai	au...maiˊ	要……嗎？	derived	
เอา / ไม่เอา	au / mai au	au / maiˋ au	要 / 不要	derived	
เอาอะไร	au arai	au aˇ rai	要甚麼？	derived	
กินไหม	gin mai	gin maiˊ	吃嗎？	derived	
กิน / ไม่กิน	gin / mai gin	gin / maiˋ gin	吃 / 不吃	derived	
กินอะไร	gin arai	gin aˇ rai	吃甚麼？	derived	
เอาได้ไหม	au dai mai	au dhaiˋ maiˊ	要（拿）得嗎？	derived	
เอาได้	au dai	au dhaiˋ	要（拿）得	derived	
เอาไม่ได้	au mai dai	au maiˋ dhaiˋ	不要（拿）得	derived	
กินได้ไหม	gin dai mai	gin dhaiˋ maiˊ	吃得嗎？	derived	
กินได้	gin dai	gin dhaiˋ	可以吃	derived	
กินไม่ได้	gin mai dai	gin maiˋ dhaiˋ	吃不得	derived	
ชอบ...ไหม	chop ... mai	chɔ̄pˋ...maiˊ	喜歡……嗎？	derived	
ชอบ / ไม่ชอบ	chop / mai chop	chɔ̄pˋ / maiˋ chɔ̄pˋ	喜歡 / 不喜歡	derived	
อยาก...ไหม	yaak ... mai	yākˋ...maiˊ	想要……嗎？	derived	
อยาก / ไม่อยาก	yaak / mai yaak	yākˋ / maiˋ yākˋ	想 / 不想	derived	
อยู่ไหม	yu mai	yūˋ maiˊ	在嗎？	derived	
ไปไหม	bai mai	bai maiˊ	去嗎？	derived	
มาไหม	maa mai	mā maiˊ	來嗎？	derived	
เดินไหม	dern mai	dhə̄n maiˊ	走嗎？	derived	
ดื่มไหม	duem mai	dɯ̄mˇ maiˊ	喝嗎？	derived	
นั่งไหม	nang mai	nangˋ maiˊ	坐嗎？	derived	
นอนไหม	non mai	nɔ̄n maiˊ	睡嗎？	derived	
ซื้อไหม	seu mai	sɯ̄~ maiˊ	買嗎？	derived	
ทำไหม	tam mai	tam maiˊ	做嗎？	derived	
เรียนไหม	rian mai	rīan maiˊ	學嗎？	derived	
ฟังไหม	fang mai	fang maiˊ	聽嗎？	derived	
พูดไหม	phut mai	pūtˋ maiˊ	說嗎？	derived	
อ่านไหม	aan mai	ānˇ maiˊ	讀嗎？	derived	
เขียนไหม	kian mai	kīanˊ maiˊ	寫嗎？	derived	
อยู่ที่ไหน	yuu thi nai	yūˋ tīˋ naiˊ	在哪？	derived	
อยู่ตรงไหน	yuu trong nai	yūˋ drong naiˊ	在哪裡啊？（確切位置）	derived	
อยู่ไหน	yu nai	yūˋ naiˊ	在哪裡？	derived	
ไปไหน	pai nai	bai naiˊ	去哪？	derived	
มาจากไหน	maa jak nai	mā jākˇ naiˊ	從哪來？	derived	
เดินไปไหน	dern pai nai	dhə̄n bai naiˊ	走去哪？	derived	
ดื่มอะไร	duem arai	dɯ̄mˇ aˇ rai	喝什麼？	derived	
นั่งที่ไหน	nang ti nai	nangˋ tīˋ naiˊ	坐在哪？	derived	
นอนที่ไหน	non ti nai	nɔ̄n tīˋ naiˊ	睡在哪？	derived	
ซื้อที่ไหน	seu ti nai	sɯ̄~ tīˋ naiˊ	在哪買？	derived	
ทำที่ไหน	tam ti nai	tam tīˋ naiˊ	在哪做？	derived	
เรียนที่ไหน	rian ti nai	rīan tīˋ naiˊ	在哪學？	derived	
ฟังจากไหน	fang jak nai	fang jākˇ naiˊ	從哪聽？	derived	
พูดได้ไหม	phut dai mai	pūtˋ dhaiˋ maiˊ	能說嗎？	derived	
อ่านได้ไหม	aan dai mai	ānˇ dhaiˋ maiˊ	能讀嗎？	derived	
เขียนที่ไหน	kian ti nai	kīanˊ tīˋ naiˊ	寫在哪？	derived	
อยู่ไกลไหม	yu glai mai	yūˋ glai maiˊ	在很遠嗎？	derived	
ไปนานไหม	pai nan mai	bai nān maiˊ	去很久嗎？	derived	
มานานไหม	maa nan mai	mā nān maiˊ	來很久嗎？	derived	
เดินนานไหม	dern nan mai	dhə̄n nān maiˊ	走很久嗎？	derived	
ดื่มนานไหม	duem nan mai	dɯ̄mˇ nān maiˊ	喝很久嗎？	derived	
นั่งต่อไหม	nang to mai	nangˋ dɔ̄ˇ maiˊ	繼續坐嗎？	derived	
นอนพอไหม	non por mai	nɔ̄n pɔ̄ maiˊ	睡夠嗎？	derived	
ซื้อแพงไหม	sue phaeng mai	sɯ̄~ pɛ̄ng maiˊ	買貴嗎？	derived	
ทำยากไหม	tam yaak mai	tam yākˋ maiˊ	難做嗎？	derived	
เรียนยากไหม	rian yaak mai	rīan yākˋ maiˊ	難學嗎？	derived	
บางคน	fang tor mai	bāng kon	繼續聽嗎？	derived	
พูดนานไหม	phut nan mai	pūtˋ nān maiˊ	講很久嗎？	derived	
อ่านออกไหม	aan ok mai	ānˇ ɔ̄kˇ maiˊ	讀得出來嗎？	derived	
เขียนเป็นไหม	kian pen mai	kīanˊ ben maiˊ	會寫嗎？	derived	
ใจร้อน	jai ron	jai rɔ̄n~	性急	derived	
ใจเย็น	jai yen	jai yen	冷靜	derived	
ใจดี	jai dee	jai dhī	心地好	derived	
ใจร้าย	jai rai	jai rāi~	壞心	derived	
พอใจ	phor jai	pɔ̄ jai	滿意	derived	
ดีใจ	dee jai	dhī jai	開心	derived	
สบายใจ	sabai jai	saˇ bāi jai	心裡舒服	derived	
เข้าใจ	khao jai	hāmˋ - kauˋ - jai	了解	book-assisted	
มีเวลาไหม	mii we-laa mai	mī - wē lā maiˊ	有時間嗎？	book-assisted	
ข้าว	khao	kāuˋ	飯	derived	
น้ำ	nam	nām~	水	derived	
ชา	cha	chā	茶	derived	
หมี่	mii	mīˇ	麵	derived	
เส้นหมี่	sen mii	sēnˋ mīˇ	米粉	derived	
ก๋วยเตี๋ยว	kuay tiao	gūayˊ dīauˊ	粿條	derived	
วุ้นเส้น	wun sen	wūn~ sēnˋ	粉絲	derived	
ข้าวเปล่า	khao plao	kāuˋ blāuˇ	白飯	derived	
น้ำเปล่า	nam plao	nām~ blāuˇ	白開水	derived	
ชาร้อน	cha ron	chā rɔ̄n~	熱茶	derived	
หมี่ผัด	mii phat	mīˇ patˇ	炒麵	derived	
เส้นหมี่ผัด	sen mii phat	sēnˋ mīˇ patˇ	炒米粉	derived	
ก๋วยเตี๋ยวผัด	kuay tiao phat	gūayˊ dīauˊ patˇ	炒粿條	derived	
วุ้นเส้นผัด	wun sen phat	wūn~ sēnˋ patˇ	炒粉絲	derived	
ข้าวเหนียว	khao nio	kāuˋ nīauˊ	糯米飯	derived	
น้ำแข็ง	nam khaeng	nām~ kɛngˊ	冰塊	derived	
ชาเย็น	cha yen	chā yen	冰茶	derived	
หมี่แห้ง	mii haeng	mīˇ hɛ̄ngˋ	乾麵	derived	
เส้นหมี่แห้ง	sen mii haeng	sēnˋ mīˇ hɛ̄ngˋ	乾米粉	derived	
ก๋วยเตี๋ยวแห้ง	kuay tiao haeng	gūayˊ dīauˊ hɛ̄ngˋ	乾粿條	derived	
วุ้นเส้นแห้ง	wun sen haeng	wūn~ sēnˋ hɛ̄ngˋ	乾粉絲	derived	
ข้าวต้ม	khao tom	kāuˋ domˋ	燉飯	derived	
น้ำจิ้ม	nam jim	nām~ jimˋ	沾醬	derived	
ชานม	cha nom	chā nom	奶茶	derived	
หมี่น้ำ	mii nam	mīˇ nām~	湯麵	derived	
เส้นหมี่น้ำ	sen mii nam	sēnˋ mīˇ nām~	米粉湯麵	derived	
ก๋วยเตี๋ยวน้ำ	kuay tiao nam	gūayˊ dīauˊ nām~	粿條湯麵	derived	
วุ้นเส้นน้ำ	wun sen nam	wūn~ sēnˋ nām~	粉絲湯麵	derived	
ตลาด	talat	daˇ lātˋ	市場	derived	
ตลาดน้ำ	talat nam	daˇ lātˋ nām~	水上市場	derived	
ตลาดสด	talat sot	daˇ lātˋ sotˇ	傳統市場	derived	
ตลาดหุ้น	talat hun	daˇ lātˋ hunˋ	股票市場	derived	
วัดพระแก้ว	wat phra kaeo	wat~ pra~ gɛ̄uˋ	玉佛寺	derived	
วัดโพธิ์	wat pho	wat~ pō	臥佛寺	derived	
วัดอรุณ	wat arun	wat~ aˇ run	鄭王廟	derived	
ศาลพระพรหม	san phra phrom	sānˊ pra~ prom	四面佛	derived	
สถานี	sathani	saˇ tāˊ nī	車站	derived	
สถานีรถไฟ	sathani rot fai	saˇ tāˊ nī rot~ fai	火車站	derived	
สถานีรถไฟฟ้า	sathani rot fai faa	saˇ tāˊ nī rot~ fai fā~	電車站	derived	
สถานีรถไฟฟ้าใต้ดิน	sathani rot fai faa tai din	saˇ tāˊ nī rot~ fai fā~ daiˋ din	地鐵站	derived	
ร้านอาหาร	raan aahaan	rāan~ ā hānˊ	餐廳	derived	
ร้านกาแฟ	raan ga-fae	rāan~ gā fɛ̄	咖啡店	derived	
ร้านขายยา	raan khai ya	rāan~ kāiˊ yā	藥局	derived	
ตลาดนัดจตุจักร	talat nat jatujak	daˇ lātˋ nat~ jaˇ duˇ jakˇ	洽圖洽市場	derived	
สวนลุมพินี	suan lumpini	sūanˊ lum pi~ nī	隆比尼公園	derived	
สุขุมวิท	sukhumwit	suˇ kumˊ wit~	蘇坤威	derived	
รถทัวร์	rot thua	rot~ tūa	長途巴士	derived	
ป้ายรถเมล์	pai rot mue	bāiˋ rot~ mē	公車站	derived	
เครื่องบิน	khrueng bin	krɯ̄angˋ bin	飛機	derived	
สนามบิน	sanam bin	saˇ nām bin	飛機場	derived	
เรือ	ruea	rɯ̄a	船	derived	
ท่าเรือ	tha ruea	tāˋ rɯ̄a	船碼頭	derived	
นี่อะไร	ni arai	nīˋ aˇ rai	這是什麼？	derived	
คุณอยากกินอะไร	khun yak gin arai	kun yākˋ gin aˇ rai	你要吃什麼？	derived	
มีผัดไทยไหม	mi phat thai mai	mī - patˇ tai maiˊ	有炒泰麵嗎？	book-assisted	
เอาส้มตำไหม	ao som tam mai	au somˋ dam maiˊ	要不要青木瓜沙拉？	derived	
ฉัน/ผมเอา...	chan/pom ao ...	chanˊ/pomˊ au...	我要……	derived	
แล้วคุณล่ะ	laeo khun la	lɛ̄u~ kun laˋ	你呢？	derived	
ปูอบวุ้นเส้น	puu op wun sen	bū opˇ wūn~ sēnˋ	蟹粉絲煲	derived	
ผัดผักบุ้ง	phat phak bung	patˇ pakˇ bungˋ	炒空心菜	derived	
ผัดผักรวมมิตร	phat phak ruam mit	patˇ pakˇ rūam mit~	炒綜合蔬菜	derived	
ไก่เจียวหมูสับ	kai jiao muu sap	gaiˇ jīau mūˊ sapˇ	豬肉末煎蛋	derived	
ข้าวมันไก่	khao man gai	kāuˋ man gaiˇ	海南雞飯	derived	
เป็ดย่าง	pet yang	betˇ yāngˋ	烤鴨	derived	
ข้าวขาหมู	khao kha muu	kāuˋ kāˊ mūˊ	豬腳飯	derived	
เนื้อสด	nuea sot	nɯ̄a~ sotˇ	鮮牛肉	derived	
ต้มยำกุ้ง	tom yam goong	domˋ yam gungˋ	酸辣蝦湯	derived	
ข้าวผัดปู	khao phat puu	kāuˋ patˇ bū	蟹肉炒飯	derived	
น้ำปลา	nam pla	nām~ blā	魚露	derived	
ปลาหมึกย่าง	pla muek yang	blā mɯk~ yāngˋ	烤花枝	derived	
อาหารทะเล	aahan thale	ā hānˊ ta~ lē	海鮮	derived	
หอยลวก	hoi luak	hɔ̄iˊ lūakˋ	燙血蛤	derived	
ผัด	phat / pha	patˇ	炒	derived	
ทอด	thot	tōtˋ	炸	derived	
ปิ้ง	ping	bingˋ	烤（小火）	derived	
ย่าง	yang	yāngˋ	烤（中火）	derived	
เผา	phao	pāuˊ	烤（有殼）	derived	
นึ่ง	nueng	nɯngˋ	蒸	derived	
กะเพรา	kaphrao	gaˇ prāu	打拋	derived	
กระเทียม	kra thiam	graˇ tīam	蒜頭	derived	
มะนาว	ma nao	ma~ nāu	檸檬	derived	
ผงกะหรี่	phong ga ri	pongˊ gaˇ rīˋ	泰式咖哩	derived	
ปูผัดผงกะหรี่	puu phat phong ga ri	bū patˇ pongˊ gaˇ rīˋ	泰式螃蟹咖哩炒	derived	
กุ้งผัดผงกะหรี่	kung phat phong ga ri	gungˋ patˇ pongˊ gaˇ rīˋ	泰式咖哩炒蝦	derived	
ปลาหมึกทอดกระเทียม	pla muek thot kra thiam	blā mɯk~ tōtˋ graˇ tīam	蒜頭炸花枝	derived	
หอยผัดเผ็ด	hoi phat phed	hɔ̄iˊ patˇ petˇ	辣炒蛤	derived	
ข้าวผัดกะเพราหมูไข่ดาว	khao phat kaprao muu khai dao	kāuˋ patˇ gaˇ prāu mūˊ kaiˇ dāu	打拋豬飯＋荷包蛋	derived	
ข้าวผัดกะเพราไก่ไข่ดาว	khao phat kaprao gai khai dao	kāuˋ patˇ gaˇ prāu gaiˇ kaiˇ dāu	打拋雞飯＋荷包蛋	derived	
ข้าวผัดกะเพราเนื้อไข่ดาว	khao phat kaprao nuea khai dao	kāuˋ patˇ gaˇ prāu nɯ̄a~ kaiˇ dāu	打拋牛飯＋荷包蛋	derived	
ข้าวผัดกะเพราทะเลไข่ดาว	khao phat kaprao thale khai dao	kāuˋ patˇ gaˇ prāu ta~ lē kaiˇ dāu	打拋海鮮飯＋荷包蛋	derived	
ข้าวผัดกะเพรากุ้งไข่ดาว	khao phat kaprao kung khai dao	kāuˋ patˇ gaˇ prāu gungˋ kaiˇ dāu	打拋蝦飯＋荷包蛋	derived	
ข้าวผัดกะเพราปลาหมึกไข่ดาว	khao phat kaprao plaa muek khai dao	kāuˋ patˇ gaˇ prāu blā mɯk~ kaiˇ dāu	打拋魷魚飯＋荷包蛋	derived	
ไข่ไก่	khai gai	kaiˇ gaiˇ	雞蛋	derived	
ไข่เป็ด	khai pet	kaiˇ betˇ	鴨蛋	derived	
ไข่ปลา	khai plaa	kaiˇ blā	魚卵	derived	
ไข่ปู	khai puu	kaiˇ bū	蟹黃	derived	
ไข่เจียว	khai jiao	kaiˇ jīau	煎蛋	derived	
ไข่ดาว	khai dao	kaiˇ dāu	荷包蛋	derived	
ไข่นึ่ง	khai nueng	kaiˇ nɯngˋ	蒸蛋	derived	
ไข่ต้ม	khai tom	kaiˇ domˋ	白煮蛋	derived	
ไข่เค็ม	khai khem	kaiˇ kem	鹹蛋	derived	
ไข่เยี่ยวม้า	khai yiao maa	kaiˇ yīauˋ mā~	皮蛋	derived	
เอาน้ำอะไรดี	ao nam arai dii	au nām~ aˇ rai dhī	要什麼飲料好？	derived	
เอาชาเย็นดีไหม	ao cha-yen dii mai	au chā yen dhī maiˊ	要泰奶好嗎？	derived	
เอาอะไรอีก	ao arai iik	au aˇ rai īkˇ	還要什麼？	derived	
มีกุ้งทอดมันหรือเปล่า	mii kung thot man rʉʉ plao	mī - gungˋ tōtˋ man rɯ̄aˊ blāuˇ	有沒有炸蝦餅？	book-assisted	
มีทอดมันปลาหรือเปล่า	mii thot man plaa rʉʉ plao	mī - tōtˋ man blā rɯ̄aˊ blāuˇ	有沒有炸魚餅？	book-assisted	
ฉันกินเจ	chan kin je	chanˊ gin jē	我吃素	derived	
มีอาหารเจไหม	mi aahan je mai	mī - ā hānˊ jē maiˊ	有素食嗎？	book-assisted	
ขอเมนูหน่อยค่ะ	kho menu noi ka	kɔ̄ˊ mē nū nɔ̄iˇ kaˋ	請給我菜單（禮貌）	derived	
เก็บเงิน	kep ngoen	gepˇ ngə̄n	收錢！（偏直接）	derived	
เก็บเงินด้วย	kep ngoen duai	gepˇ ngə̄n dūayˋ	請收錢（較有禮貌）	derived	
เก็บตังค์	kep dang	gepˇ dang	收錢（口語、隨便講）	derived	
เช็คบิล	chek bin	chekˇ bin	check bill（最常用，誰都懂）	derived	
ยำไก่ทอด	yam gai thot	yam gaiˇ tōtˋ	泰式炸雞拌辣味酸甜沙拉	derived	
แกงไก่	kaeng gai	gɛ̄ng gaiˇ	泰式咖喱雞	derived	
แกงเขียวหวานไก่	kaeng khiao waan gai	gɛ̄ng kīauˊ wānˊ gaiˇ	綠咖哩雞	derived	
แกงแดงไก่	kaeng daeng gai	gɛ̄ng dɛ̄ng gaiˇ	紅咖哩雞	derived	
แกงจืดไก่	kaeng juut / kaeng jued gai	gɛ̄ng jɯ̄tˇ gaiˇ	清雞湯	derived	
แกงจืดหมูสับ	kaeng juut muu sap	gɛ̄ng jɯ̄tˇ mūˊ sapˇ	豬肉末清湯	derived	
แกงจืดเต้าหู้หมูสับ	kaeng juut tao hu muu sap	gɛ̄ng jɯ̄tˇ dāuˋ hūˋ mūˊ sapˇ	豆腐豬肉末清湯	derived	
แกงจืดเต้าหู้สาหร่าย	kaeng juut tao hu saa rai	gɛ̄ng jɯ̄tˇ dāuˋ hūˋ sāˊ rāiˋ	豆腐紫菜清湯	derived	
ขนม	ka nom	kaˇ nom	點心	derived	
ขนมปัง	ka nom bang	kaˇ nom bang	麵包	derived	外來語/中式借詞：按拼字規則機械推導，信心較低，建議請 Nalin 用耳朵核對聲調
ขนมเค้ก	ka nom kek	kaˇ nom kēk~	蛋糕	derived	外來語/中式借詞：按拼字規則機械推導，信心較低，建議請 Nalin 用耳朵核對聲調
ขนมเปี๊ยะ	ka nom bia	kaˇ nom bīa~	中式餅	derived	外來語/中式借詞：按拼字規則機械推導，信心較低，建議請 Nalin 用耳朵核對聲調
ชีส	chit	chītˋ	起士	derived	外來語/中式借詞：按拼字規則機械推導，信心較低，建議請 Nalin 用耳朵核對聲調
ชีสเค้ก	chit kek	chītˋ kēk~	起士蛋糕	derived	外來語/中式借詞：按拼字規則機械推導，信心較低，建議請 Nalin 用耳朵核對聲調
คุกกี้	kuk gi	kukˇ gīˋ	餅乾	derived	外來語/中式借詞：按拼字規則機械推導，信心較低，建議請 Nalin 用耳朵核對聲調
ไอศกรีม	ai dim	ai saˇ grīm	冰淇淋	derived	外來語/中式借詞：按拼字規則機械推導，信心較低，建議請 Nalin 用耳朵核對聲調
พุดดิ้ง	put ding	put~ dingˋ	布丁	derived	外來語/中式借詞：按拼字規則機械推導，信心較低，建議請 Nalin 用耳朵核對聲調
โยเกิร์ต	yogat	yō gə̄tˇ	優格	derived	外來語/中式借詞：按拼字規則機械推導，信心較低，建議請 Nalin 用耳朵核對聲調
แยม	yem	yɛ̄m	果醬	derived	外來語/中式借詞：按拼字規則機械推導，信心較低，建議請 Nalin 用耳朵核對聲調
เยลลี่	yen li	yēn līˋ	果凍	derived	外來語/中式借詞：按拼字規則機械推導，信心較低，建議請 Nalin 用耳朵核對聲調
พายแอปเปิ้ล	pai ep pen	pāi ɛpˇ bə̄nˋ	蘋果派	derived	外來語/中式借詞：按拼字規則機械推導，信心較低，建議請 Nalin 用耳朵核對聲調
ป๊อปคอร์น	pop kon	bɔ̄p~ kɔ̄nˊ	爆米花	derived	外來語/中式借詞：按拼字規則機械推導，信心較低，建議請 Nalin 用耳朵核對聲調
ช็อกโกแลต	chok go let	chɔk~ gō lɛ̄tˋ	巧克力	derived	外來語/中式借詞：按拼字規則機械推導，信心較低，建議請 Nalin 用耳朵核對聲調
เบคอน	be kon	bē kɔ̄nˊ	培根	derived	外來語/中式借詞：按拼字規則機械推導，信心較低，建議請 Nalin 用耳朵核對聲調
เฟรนช์ฟราย	fren frai	frēn frāi	薯條	derived	外來語/中式借詞：按拼字規則機械推導，信心較低，建議請 Nalin 用耳朵核對聲調
สลัด	sa lat	saˇ lat~	沙拉	derived	外來語/中式借詞：按拼字規則機械推導，信心較低，建議請 Nalin 用耳朵核對聲調
สุกี้	suki	suˇ gīˋ	泰式火鍋（一人一鍋）	derived	外來語/中式借詞：按拼字規則機械推導，信心較低，建議請 Nalin 用耳朵核對聲調
หม้อไฟ	mo fai	mɔ̄ˋ fai	傳統火鍋（共鍋）	derived	
หม้อ	mo	mɔ̄ˋ	鍋子	derived	
ไฟ	fai	fai	火	derived	
ขนมจีน	ka nom jin	kaˇ nom jīn	泰式米線	derived	
ขนมจีบ	ka nom jip	kaˇ nom jīpˇ	燒賣	derived	外來語/中式借詞：按拼字規則機械推導，信心較低，建議請 Nalin 用耳朵核對聲調
ซาลาเปา	sa la bao	sāˊ lā bāu	包子	derived	外來語/中式借詞：按拼字規則機械推導，信心較低，建議請 Nalin 用耳朵核對聲調
มันทอด	man tho	man tōtˋ	馬鈴薯	derived	
ติ่มซำ	dim sam	dimˇ sam	點心（港式）	derived	外來語/中式借詞：按拼字規則機械推導，信心較低，建議請 Nalin 用耳朵核對聲調
เกี๊ยว	giau	gīau~	餃子	derived	外來語/中式借詞：按拼字規則機械推導，信心較低，建議請 Nalin 用耳朵核對聲調
เกี๊ยวน้ำ	giau nam	gīau~ nām~	餛飩湯	derived	外來語/中式借詞：按拼字規則機械推導，信心較低，建議請 Nalin 用耳朵核對聲調
ปอเปี๊ยะทอด	por pia thot	bɔ̄ bīa~ tōtˋ	炸春卷	derived	外來語/中式借詞：按拼字規則機械推導，信心較低，建議請 Nalin 用耳朵核對聲調
ปอเปี๊ยะสด	por pia sot	bɔ̄ bīa~ sotˇ	潤餅	derived	外來語/中式借詞：按拼字規則機械推導，信心較低，建議請 Nalin 用耳朵核對聲調
คะน้า	ka na	ka~ nā~	芥蘭	derived	
น้ำมันหอย	nam man hoi	nām~ man hɔ̄iˊ	蠔油	derived	
พะโล้	pa lo	pa~ lō~	滷	derived	
ตุ๋น	dun	dunˊ	燉	derived	
มาม่า	mama	mā māˋ	泡麵	derived	外來語/中式借詞：按拼字規則機械推導，信心較低，建議請 Nalin 用耳朵核對聲調
เฉาก๊วย	chao guei	chāuˊ gūay~	仙草	derived	外來語/中式借詞：按拼字規則機械推導，信心較低，建議請 Nalin 用耳朵核對聲調
เต้าหู้ยี้	dau huei	dāuˋ hūˋ yī~	豆花	derived	外來語/中式借詞：按拼字規則機械推導，信心較低，建議請 Nalin 用耳朵核對聲調
เต้าหู้	dau hu	dāuˋ hūˋ	豆腐	derived	
น้ำเต้าหู้	nam dau hu	nām~ dāuˋ hūˋ	豆漿	derived	
น้ำเก๊กฮวย	nam gek huei	nām~ gēk~ hūay	菊花茶	derived	外來語/中式借詞：按拼字規則機械推導，信心較低，建議請 Nalin 用耳朵核對聲調
กุยช่าย	gui chai	gui chāiˋ	韭菜	derived	外來語/中式借詞：按拼字規則機械推導，信心較低，建議請 Nalin 用耳朵核對聲調
ไช้เท้า	chai tau	chāi~ tāu~	菜頭（蘿蔔）	derived	外來語/中式借詞：按拼字規則機械推導，信心較低，建議請 Nalin 用耳朵核對聲調
ไชโป๊	chai bo	chāi bō~	菜脯	derived	外來語/中式借詞：按拼字規則機械推導，信心較低，建議請 Nalin 用耳朵核對聲調
โรตี	roti	rō dī	泰式煎餅（甜）	derived	外來語/中式借詞：按拼字規則機械推導，信心較低，建議請 Nalin 用耳朵核對聲調
เครป	crepe	krēpˇ	可麗餅	derived	外來語/中式借詞：按拼字規則機械推導，信心較低，建議請 Nalin 用耳朵核對聲調
เท่าไหร่	thao rai	tāuˋ raiˇ	多少	derived	
ราคาเท่าไหร่	rakha thao rai	rā kāˊ tāuˋ raiˇ	價錢多少	derived	
อายุเท่าไหร่	ayu thao rai	ā yu~ tāuˋ raiˇ	年紀多少？	derived	
นานเท่าไหร่	nan thao rai	nān tāuˋ raiˇ	多久？	derived	
มีกี่เท่าไหร่	mi thao rai	mī - gīˇ tāuˋ raiˇ	有多少？	book-assisted	
วันที่เท่าไหร่	wan thi thao rai	wan - tīˋ tāuˋ raiˇ	第幾日？	book-assisted	
ซอยที่เท่าไหร่	soi thi thao rai	sɔ̄i tīˋ tāuˋ raiˇ	第幾巷？	derived	
หน้ที่เท่าไหร่	na thi thao rai	nāˋ tīˋ tāuˋ raiˇ	第幾頁？	derived	
ถูกหน่อยได้ไหม	thuk noi dai mai	tūkˇ nɔ̄iˇ dhaiˋ maiˊ	便宜點可以嗎？	derived	
ลดหน่อยได้ไหม	lot noi dai mai	lot~ nɔ̄iˇ dhaiˋ maiˊ	可以打折嗎？（較好的說法）	derived	
เก้าแสนล้าน	kao saen laan	gāuˋ sɛ̄nˊ lāan~	九百億	derived	
แปดสิบล้าน	paet sip laan	bɛtˇ sipˇ lāan~	八十億	derived	
เจ็ดร้อยล้าน	chet roi laan	jetˇ rɔ̄y~ lāan~	七億	derived	
หกสิบล้าน	hok sip laan	hokˇ sipˇ lāan~	六千萬	derived	
ห้าล้าน	ha laan	hāˋ lāan~	五百萬	derived	
สี่แสน	si saen	sīˇ sɛ̄nˊ	四十萬	derived	
สามหมื่น	saam meuun	sāmˊ mɯ̄nˇ	三萬	derived	
สองพัน	song phan	sɔ̄ngˊ pan	兩千	derived	
หนึ่งร้อย	neung roi	nɯngˇ rɔ̄y~	一百	derived	
หกสิบ	hok sip	hokˇ sipˇ	六十	derived	
ศูนย์	soon	sūnˊ	0	derived	
หนึ่ง	neung	nɯngˇ	1	derived	
สอง	song	sɔ̄ngˊ	2	derived	
สาม	saam	sāmˊ	3	derived	
สี่	si	sīˇ	4	derived	
ห้า	ha	hāˋ	5	derived	
หก	hok	hokˇ	6	derived	
เจ็ด	chet	jetˇ	7	derived	
แปด	paet	bɛtˇ	8	derived	
เก้า	kao	gāuˋ	9	derived	
สิบ	sip	sipˇ	10	derived	
สิบเอ็ด	sip et	sipˇ etˇ	11	derived	
สิบสอง	sip song	sipˇ sɔ̄ngˊ	12	derived	
สิบสาม	sip saam	sipˇ sāmˊ	13	derived	
สิบสี่	sip si	sipˇ sīˇ	14	derived	
สิบห้า	sip ha	sipˇ hāˋ	15	derived	
สิบหก	sip hok	sipˇ hokˇ	16	derived	
สิบเจ็ด	sip chet	sipˇ jetˇ	17	derived	
สิบแปด	sip paet	sipˇ bɛtˇ	18	derived	
สิบเก้า	sip kao	sipˇ gāuˋ	19	derived	
ยี่สิบ	yi sip	yīˋ sipˇ	20	derived	
ยี่สิบเอ็ด	yi sip et	yīˇ sipˇ etˇ	21	derived	
ยี่สิบสอง	yi sip song	yīˇ sipˇ sɔ̄ngˊ	22	derived	
ยี่สิบสาม	yi sip saam	yīˇ sipˇ sāmˊ	23	derived	
ยี่สิบสี่	yi sip si	yīˇ sipˇ sīˇ	24	derived	
ยี่สิบห้า	yi sip ha	yīˇ sipˇ hāˋ	25	derived	
ยี่สิบหก	yi sip hok	yīˇ sipˇ hokˇ	26	derived	
ยี่สิบเจ็ด	yi sip chet	yīˇ sipˇ jetˇ	27	derived	
ยี่สิบแปด	yi sip paet	yīˇ sipˇ bɛtˇ	28	derived	
ยี่สิบเก้า	yi sip kao	yīˇ sipˇ gāuˋ	29	derived	
สามสิบ	saam sip	sāmˊ sipˇ	30	derived	
หนึ่งร้อยเอ็ด	neung roi et	nɯngˇ rɔ̄y~ etˇ	101	derived	
หนึ่งร้อยสอง	neung roi song	nɯngˇ rɔ̄y~ sɔ̄ngˊ	102	derived	
หนึ่งร้อยสาม	neung roi saam	nɯngˇ rɔ̄y~ sāmˊ	103	derived	
หนึ่งร้อยสี่	neung roi si	nɯngˇ rɔ̄y~ sīˇ	104	derived	
หนึ่งร้อยห้า	neung roi ha	nɯngˇ rɔ̄y~ hāˋ	105	derived	
หนึ่งร้อยหก	neung roi hok	nɯngˇ rɔ̄y~ hokˇ	106	derived	
หนึ่งร้อยเจ็ด	neung roi chet	nɯngˇ rɔ̄y~ jetˇ	107	derived	
หนึ่งร้อยแปด	neung roi paet	nɯngˇ rɔ̄y~ bɛtˇ	108	derived	
หนึ่งร้อยเก้า	neung roi kao	nɯngˇ rɔ̄y~ gāuˋ	109	derived	
หนึ่งร้อยสิบ	neung roi sip	nɯngˇ rɔ̄y~ sipˇ	110	derived	
หนึ่งร้อยสิบเอ็ด	neung roi sip et	nɯngˇ rɔ̄y~ sipˇ etˇ	111	derived	
หนึ่งร้อยสิบสอง	neung roi sip song	nɯngˇ rɔ̄y~ sipˇ sɔ̄ngˊ	112	derived	
หนึ่งร้อยสิบสาม	neung roi sip saam	nɯngˇ rɔ̄y~ sipˇ sāmˊ	113	derived	
หนึ่งร้อยสิบสี่	neung roi sip si	nɯngˇ rɔ̄y~ sipˇ sīˇ	114	derived	
หนึ่งร้อยสิบห้า	neung roi sip ha	nɯngˇ rɔ̄y~ sipˇ hāˋ	115	derived	
หนึ่งร้อยสิบหก	neung roi sip hok	nɯngˇ rɔ̄y~ sipˇ hokˇ	116	derived	
หนึ่งร้อยสิบเจ็ด	neung roi sip chet	nɯngˇ rɔ̄y~ sipˇ jetˇ	117	derived	
หนึ่งร้อยสิบแปด	neung roi sip paet	nɯngˇ rɔ̄y~ sipˇ bɛtˇ	118	derived	
หนึ่งร้อยสิบเก้า	neung roi sip kao	nɯngˇ rɔ̄y~ sipˇ gāuˋ	119	derived	
หนึ่งร้อยยี่สิบ	neung roi yi sip	nɯngˇ rɔ̄y~ yīˇ sipˇ	120	derived	
หนึ่งร้อยสิบ	neung roi sip	nɯngˇ rɔ̄y~ sipˇ	110	derived	
หนึ่งร้อยยี่สิบ	neung roi yi sip	nɯngˇ rɔ̄y~ yīˇ sipˇ	120	derived	
หนึ่งร้อยสามสิบ	neung roi saam sip	nɯngˇ rɔ̄y~ sāmˊ sipˇ	130	derived	
หนึ่งร้อยสี่สิบ	neung roi si sip	nɯngˇ rɔ̄y~ sīˇ sipˇ	140	derived	
หนึ่งร้อยห้าสิบ	neung roi ha sip	nɯngˇ rɔ̄y~ hāˋ sipˇ	150	derived	
หนึ่งร้อยหกสิบ	neung roi hok sip	nɯngˇ rɔ̄y~ hokˇ sipˇ	160	derived	
หนึ่งร้อยเจ็ดสิบ	neung roi chet sip	nɯngˇ rɔ̄y~ jetˇ sipˇ	170	derived	
หนึ่งร้อยแปดสิบ	neung roi paet sip	nɯngˇ rɔ̄y~ bɛtˇ sipˇ	180	derived	
หนึ่งร้อยเก้าสิบ	neung roi kao sip	nɯngˇ rɔ̄y~ gāuˋ sipˇ	190	derived	
สองร้อย	song roi	sɔ̄ngˊ rɔ̄y~	200	derived	
พ.ศ. 2568	pho so song phan haa roi hok sip paet	pɔ̄ sɔ̄ˊ sɔ̄ngˊ pan hāˋ rɔ̄y~ hokˇ sipˇ bɛtˇ	佛曆2568	derived	พ.ศ. 唸法（唸字母名 pɔ̄-sɔ̄ˊ 還是唸全稱 phutthasakkarat）請 Nalin 確認慣用方式，這裡先照唸字母名處理
อันนี้ใช่ไหม	an ni chai mai	an nī~ chaiˋ maiˊ	這個是嗎？	derived	
คนนี้ใช่ไหม	khon ni chai mai	kon nī~ chaiˋ maiˊ	這個人是嗎？	derived	
คนนั้นใช่ไหม	khon nan chai mai	kon nan~ chaiˋ maiˊ	那個人是嗎？	derived	
ชื่ออะไร	chue arai	chɯ̄ˋ aˇ rai	名字是什麼？	derived	
ซอยอะไร	soi arai	sɔ̄i aˇ rai	什麼巷？	derived	
เบอร์โทรศัพท์อะไร	ber thor-asap arai	bə̄ tō ra~ sapˇ aˇ rai	電話號碼？	derived	
มีเงินเท่าไหร่	mi ngoen thao rai	mī - ngə̄n tāuˋ raiˇ	有多少錢？	book-assisted	
มีเวลาเท่าไหร่	mi wela thao rai	mī - wē lā tāuˋ raiˇ	有多少時間？	book-assisted	
ใช้เงินเท่าไหร่	chai ngoen thao rai	chai~ ngə̄n tāuˋ raiˇ	花多少錢？	derived	
ใช้เวลาเท่าไหร่	chai wela thao rai	chai~ wē lā tāuˋ raiˇ	花多少時間？	derived	
เสียเวลาเท่าไหร่	sia wela thao rai	sīaˊ wē lā tāuˋ raiˇ	浪費多少時間？	derived	
เสียเงินเท่าไหร่	sia ngoen thao rai	sīaˊ ngə̄n tāuˋ raiˇ	浪費多少錢？	derived	
ใส่	sai	saiˇ	穿/戴/裝	derived	
กินที่นี่หรือใส่ถุง	kin thi ni rue sai thung	gin tīˋ nīˋ rɯ̄aˊ saiˇ tungˊ	在這吃或打包帶走？	derived	
กินที่นี่หรือกลับบ้าน	kin thi ni rue glap ban	gin tīˋ nīˋ rɯ̄aˊ glapˇ bānˋ	在這吃或外帶（帶回家）？	derived	
คนละเท่าไหร่	khon la thao rai	kon la~ tāuˋ raiˇ	每人多少？	derived	
กิโลละเท่าไหร่	kilo la thao rai	giˇ lō la~ tāuˋ raiˇ	每公斤多少？	derived	
ตั๋วใบละเท่าไหร่	tua bai la thao rai	dūaˊ bai la~ tāuˋ raiˇ	票每張多少？	derived	
น้ำส้มขวดละเท่าไหร่	nam som khuat la thao rai	nām~ somˋ kūatˇ la~ tāuˋ raiˇ	橙汁每瓶多少？	derived	
เอาอย่างละจาน	ao yang la jan	au yāngˋ la~ jān	每樣來一盤	derived	
เอาอย่างละแก้ว	ao yang la kaew	au yāngˋ la~ gɛ̄uˋ	每樣來一杯	derived	
อย่าง	yang	yāngˋ	樣子、情況、狀態	derived	
ทำไมเป็นอย่างนี้	thammai pen yang nii	tam mai ben yāngˋ nī~	為什麼會變成這樣？	derived	
วินาที	wi naa thee	wi~ nā tī	秒	derived	
นาที	naa thee	nā tī	分鐘	derived	
ชั่วโมง	chua mong	chūaˋ mōng	小時	derived	
สัปดาห์	sap daa	sapˇ dā	星期	derived	
อาทิตย์	a thit	ā tit~	星期	derived	
วัน	wan	wan -	日	book-exact	
เดือน	duean	dɯ̄an	月	derived	
ปี	pii	bī	年	derived	
คืน	kheun	kɯ̄n	晚	derived	
กล่อง	klong	glɔ̄ngˇ	盒	derived	
ลูก	luk	lūkˋ-	子（櫻桃、冰淇淋）	book-exact	
แผ่น	phaen	pɛ̄nˇ	片（片狀、扁平的東西）	derived	
ชิ้น	chin	chin~	件／塊 / slice（某個部分）	derived	
กระดาษห้าแผ่น	gra-daat haa phaen	graˇ dātˇ hāˋ pɛ̄nˇ	五張紙	derived	
พิซซ่าหกชิ้น	pizza hok chín	pit~ sāˇ hokˇ chin~	六片披薩	derived	
ลูกชิ้น	luk chin	lūkˋ chin~	丸子	derived	
ไม้ลูกชิ้นปิ้ง	maai luk chin ping	māiˋ lūkˋ chin~ bingˋ	烤丸子串	derived	
กิโลกรัม	kilo kram	giˇ lō gram	公斤	derived	
กรัม	kram	gram	公克	derived	
เมตร	met	mētˋ	公尺	derived	
เซนติเมตร	sen ti met	sēnˊ diˇ mētˋ	公分	derived	
ลิตร	lit	lit~	公升	derived	
มิเตอร์	meter	mi~ də̄	跳表 / 計費錶	derived	
กดมิเตอร์	got meter	gotˇ mi~ də̄	按跳表	derived	
